<?xml version="1.0"?>
<artikler>
<innlegg>
<tittel>aefr</tittel>
<tagger>
<tagg/>
</tagger>
<tekst>	</tekst>
<dato>08-03-2012 00:35</dato>
</innlegg>
<innlegg>
<tittel>sa</tittel>
<tagger>
<tagg>



</tagg>
</tagger>
<tekst>Alt du m&#xC3;&#xA5;tte &#xC3;&#xB8;nske deg er her	</tekst>
<dato>08-03-2012 00:35</dato>
</innlegg>
<innlegg>
<tittel>Det var en gang</tittel>
<tagger>
<tagg>

</tagg>
</tagger>
<tekst>ESPEN ASKELADDEN ER EN REAL KAR	</tekst>
<dato>08-03-2012 00:06</dato>
</innlegg>
<innlegg>
<tittel>F&#xF8;rste</tittel>
<tagger>
<tagg>

</tagg>
</tagger>
<tekst>Tjohei, her var teksten fra meg</tekst>
<dato>min dato!!!</dato>
</innlegg>
</artikler>
